{"count":1,"self":4905.4138367999994,"total":4924.0578927999995,"children":{"AgentSendState":{"count":30535,"self":0.68956359999999994,"total":0.88616489999999992,"children":{"CollectObservations":{"count":6107,"self":0.16773739999999998,"total":0.16773739999999998,"children":null},"CollectDiscreteActionMasks":{"count":6107,"self":0.028863899999999998,"total":0.028863899999999998,"children":null}}},"DecideAction":{"count":30535,"self":16.0328624,"total":16.8835586,"children":{"RayPerceptionSensor.Perceive":{"count":12214,"self":0.85069679999999992,"total":0.85069679999999992,"children":null}}},"AgentAct":{"count":30535,"self":0.8724991,"total":0.8724991,"children":null}},"gauges":{},"metadata":{"timer_format_version":"0.1.0","start_time_seconds":"1610646042","unity_version":"2019.4.8f1","command_line_arguments":"C:\\Program Files\\Unity\\Hub\\Editor\\2019.4.8f1\\Editor\\Unity.exe -projectpath C:\/Users\/Robel\/Documents\/Unity\/Projects\/KartRacing -useHub -hubIPC -cloudEnvironment production -hubSessionId 2350a930-53ef-11eb-8cc2-95a8c9771e1e -accessToken WXEv-CUjuYzwygMV6R-AfFvtymabyrjSr7a6boqio4c00af","communication_protocol_version":"1.0.0","com.unity.ml-agents_version":"1.0.6","scene_name":"Game","end_time_seconds":"1610650966"}}