{"count":1,"self":3277.8502144,"total":11355.688488799999,"children":{"AgentSendState":{"count":1474001,"self":76.2899712,"total":435.8927617,"children":{"CollectObservations":{"count":2948010,"self":28.769792,"total":28.7697921,"children":null},"CollectDiscreteActionMasks":{"count":2948010,"self":5.3565252,"total":5.3565252999999995,"children":null},"AgentInfo.ToProto":{"count":2948010,"self":20.530974399999998,"total":325.47647409999996,"children":{"GenerateSensorData":{"count":2948010,"self":90.484352,"total":304.9454996,"children":{"RayPerceptionSensor.Perceive":{"count":5896020,"self":214.46114559999998,"total":214.4611491,"children":null}}}}}}},"DecideAction":{"count":1474001,"self":7528.6011904,"total":7528.6009613999995,"children":null},"AgentAct":{"count":1474001,"self":113.030784,"total":113.3435889,"children":{"AgentInfo.ToProto":{"count":2940,"self":0.0210681,"total":0.3128033,"children":{"GenerateSensorData":{"count":2940,"self":0.0794653,"total":0.2917352,"children":{"RayPerceptionSensor.Perceive":{"count":5880,"self":0.21226989999999998,"total":0.21226989999999998,"children":null}}}}}}}},"gauges":{"kart.CumulativeReward":{"count":2940,"max":1293.93176,"min":158.5411,"runningAverage":1207.20044,"value":1265.28271,"weightedAverage":1270.39563}},"metadata":{"timer_format_version":"0.1.0","start_time_seconds":"1610586278","unity_version":"2019.4.8f1","command_line_arguments":"C:\\Program Files\\Unity\\Hub\\Editor\\2019.4.8f1\\Editor\\Unity.exe -projectpath C:\/Users\/Robel\/Documents\/Unity\/Projects\/KartRacing -useHub -hubIPC -cloudEnvironment production -hubSessionId 2350a930-53ef-11eb-8cc2-95a8c9771e1e -accessToken NuAdiRk_hJ-P2G7EUswWIvcbvlrNRhdXxYhxrpLHFQY00af","communication_protocol_version":"1.0.0","com.unity.ml-agents_version":"1.0.6","scene_name":"Training","end_time_seconds":"1610597633"}}