{"count":1,"self":7643.0983167999993,"total":25338.686911999997,"children":{"AgentSendState":{"count":2500651,"self":182.48066559999998,"total":1087.8914704,"children":{"CollectObservations":{"count":5001310,"self":63.754175999999994,"total":63.754177199999994,"children":null},"CollectDiscreteActionMasks":{"count":5001310,"self":11.977216,"total":11.9772158,"children":null},"AgentInfo.ToProto":{"count":5001310,"self":49.3245376,"total":829.67941039999994,"children":{"GenerateSensorData":{"count":5001310,"self":218.3855616,"total":780.3548723,"children":{"RayPerceptionSensor.Perceive":{"count":10002620,"self":561.9693056,"total":561.96930379999992,"children":null}}}}}}},"DecideAction":{"count":2500651,"self":16331.4335744,"total":16331.4330209,"children":null},"AgentAct":{"count":2500651,"self":275.4051328,"total":276.2608234,"children":{"AgentInfo.ToProto":{"count":5000,"self":0.0839519,"total":0.855691,"children":{"GenerateSensorData":{"count":5000,"self":0.2061779,"total":0.7717391,"children":{"RayPerceptionSensor.Perceive":{"count":10000,"self":0.5655612,"total":0.5655612,"children":null}}}}}}}},"gauges":{"kart.CumulativeReward":{"count":5000,"max":1411.35315,"min":-3.05470276,"runningAverage":964.1248,"value":1389.001,"weightedAverage":1327.47217}},"metadata":{"timer_format_version":"0.1.0","start_time_seconds":"1611001428","unity_version":"2019.4.8f1","command_line_arguments":"C:\\Program Files\\Unity\\Hub\\Editor\\2019.4.8f1\\Editor\\Unity.exe -projectpath C:\/Users\/Robel\/Documents\/Unity\/Projects\/KartRacing -useHub -hubIPC -cloudEnvironment production -hubSessionId 9922bde0-5987-11eb-9ebc-41cdc0b35bd3 -accessToken 7-lOUAsdDaPWspMEMuTxBBIk03cycW8JHOUttX-Mj8w00af","communication_protocol_version":"1.0.0","com.unity.ml-agents_version":"1.0.6","scene_name":"Training","end_time_seconds":"1611026766"}}