{"count":1,"self":5180.0772608,"total":19403.5885862,"children":{"AgentSendState":{"count":2500651,"self":168.2473728,"total":937.5928699,"children":{"CollectObservations":{"count":5001310,"self":60.8035456,"total":60.803546,"children":null},"CollectDiscreteActionMasks":{"count":5001310,"self":11.200336,"total":11.2003364,"children":null},"AgentInfo.ToProto":{"count":5001310,"self":44.022297599999995,"total":697.3416188,"children":{"GenerateSensorData":{"count":5001310,"self":168.0599552,"total":653.3193202,"children":{"RayPerceptionSensor.Perceive":{"count":10002620,"self":485.2593664,"total":485.2593602,"children":null}}}}}}},"DecideAction":{"count":2500651,"self":13008.396288,"total":13008.396044199999,"children":null},"AgentAct":{"count":2500651,"self":276.8097024,"total":277.5202594,"children":{"AgentInfo.ToProto":{"count":5000,"self":0.0440326,"total":0.7105635,"children":{"GenerateSensorData":{"count":5000,"self":0.1440207,"total":0.66653089999999993,"children":{"RayPerceptionSensor.Perceive":{"count":10000,"self":0.52251019999999992,"total":0.52251019999999992,"children":null}}}}}}}},"gauges":{"kart.CumulativeReward":{"count":5000,"max":3972.2688,"min":-3.542616,"runningAverage":2412.89331,"value":3921.91333,"weightedAverage":2930.00049}},"metadata":{"timer_format_version":"0.1.0","start_time_seconds":"1611187294","unity_version":"2019.4.8f1","command_line_arguments":"C:\\Program Files\\Unity\\Hub\\Editor\\2019.4.8f1\\Editor\\Unity.exe -projectpath C:\/Users\/Robel\/Documents\/Unity\/Projects\/KartRacing -useHub -hubIPC -cloudEnvironment production -hubSessionId 9922bde0-5987-11eb-9ebc-41cdc0b35bd3 -accessToken 1VtoWkD3CavDnK81ynn6enQI1suOycMbZYYWLQP9DG800af","communication_protocol_version":"1.0.0","com.unity.ml-agents_version":"1.0.6","scene_name":"Training","end_time_seconds":"1611206698"}}