{"count":1,"self":5503.8205952,"total":16953.367315,"children":{"InitializeActuators":{"count":6,"self":0.0019944999999999997,"total":0.0019944999999999997,"children":null},"InitializeSensors":{"count":6,"self":0.0029923999999999997,"total":0.0029923999999999997,"children":null},"AgentSendState":{"count":1857651,"self":165.60090879999998,"total":2642.3881096,"children":{"CollectObservations":{"count":2229186,"self":2350.0324864,"total":2350.0324517,"children":null},"WriteActionMask":{"count":2229186,"self":1.8635054,"total":1.8635054,"children":null},"RequestDecision":{"count":2229186,"self":9.8667144,"total":124.89123939999999,"children":{"AgentInfo.ToProto":{"count":2229186,"self":8.2219696,"total":115.0245252,"children":{"GenerateSensorData":{"count":2229186,"self":95.9564992,"total":106.80255559999999,"children":{"RayPerceptionSensor.Perceive":{"count":4458372,"self":10.8460576,"total":10.846057799999999,"children":null}}}}}}}}},"DecideAction":{"count":1857651,"self":8706.0660224,"total":8706.0663411,"children":null},"AgentAct":{"count":1857651,"self":100.9504832,"total":101.08531909999999,"children":{"AgentInfo.ToProto":{"count":2226,"self":0.0099771,"total":0.1348346,"children":{"GenerateSensorData":{"count":2226,"self":0.1049156,"total":0.1248575,"children":{"RayPerceptionSensor.Perceive":{"count":4452,"self":0.0199419,"total":0.0199419,"children":null}}}}}}}},"gauges":{"kart.CumulativeReward":{"count":2226,"max":923.992554,"min":1.1529789,"runningAverage":468.103241,"value":890.0588,"weightedAverage":705.2801}},"metadata":{"timer_format_version":"0.1.0","start_time_seconds":"1626950913","unity_version":"2020.3.7f1","command_line_arguments":"C:\\Program Files\\Unity\\Hub\\Editor\\2020.3.7f1\\Editor\\Unity.exe -projectpath C:\/Users\/robel\/Documents\/Unity\/KartRacing -useHub -hubIPC -cloudEnvironment production -hubSessionId b408b2b0-e887-11eb-86cd-9fc047682f84 -accessToken S-Xa-fvrsPwO6-2cAd6AMDUfakRWrg-zyYNmqDkndw000af","communication_protocol_version":"1.5.0","com.unity.ml-agents_version":"2.0.0-exp.1","scene_name":"Training","end_time_seconds":"1626967866"}}