{"count":1,"self":6845.9085823999994,"total":20245.498761,"children":{"AgentSendState":{"count":2500651,"self":125.1829248,"total":734.6341473,"children":{"CollectObservations":{"count":5001310,"self":45.3176032,"total":45.317603899999995,"children":null},"CollectDiscreteActionMasks":{"count":5001310,"self":8.8836512,"total":8.8836516,"children":null},"AgentInfo.ToProto":{"count":5001310,"self":33.2855488,"total":555.2499666,"children":{"GenerateSensorData":{"count":5001310,"self":151.20427519999998,"total":521.9644177,"children":{"RayPerceptionSensor.Perceive":{"count":10002620,"self":370.7601408,"total":370.76013689999996,"children":null}}}}}}},"DecideAction":{"count":2500651,"self":12470.3719424,"total":12470.3717309,"children":null},"AgentAct":{"count":2500651,"self":194.02104319999998,"total":194.58221419999998,"children":{"AgentInfo.ToProto":{"count":5000,"self":0.043321899999999997,"total":0.561176,"children":{"GenerateSensorData":{"count":5000,"self":0.1578263,"total":0.5178541,"children":{"RayPerceptionSensor.Perceive":{"count":10000,"self":0.3600278,"total":0.3600278,"children":null}}}}}}}},"gauges":{"kart.CumulativeReward":{"count":5000,"max":100.407692,"min":-101.40007,"runningAverage":-0.803853631,"value":-97.23749,"weightedAverage":-25.300045}},"metadata":{"timer_format_version":"0.1.0","start_time_seconds":"1610496747","unity_version":"2019.4.8f1","command_line_arguments":"C:\\Program Files\\Unity\\Hub\\Editor\\2019.4.8f1\\Editor\\Unity.exe -projectpath C:\/Users\/Robel\/Documents\/Unity\/Projects\/KartRacing -useHub -hubIPC -cloudEnvironment production -hubSessionId 2350a930-53ef-11eb-8cc2-95a8c9771e1e -accessToken NuAdiRk_hJ-P2G7EUswWIvcbvlrNRhdXxYhxrpLHFQY00af","communication_protocol_version":"1.0.0","com.unity.ml-agents_version":"1.0.6","scene_name":"Training","end_time_seconds":"1610516992"}}