{"count":1,"self":4676.83328,"total":22595.115433799998,"children":{"AgentSendState":{"count":2501201,"self":140.410368,"total":1173.3633479999999,"children":{"CollectObservations":{"count":5002600,"self":50.089900799999995,"total":50.089901,"children":null},"CollectDiscreteActionMasks":{"count":5002600,"self":9.6480968,"total":9.6480965,"children":null},"AgentInfo.ToProto":{"count":5002600,"self":37.2847904,"total":973.21497719999991,"children":{"GenerateSensorData":{"count":5002600,"self":226.22456319999998,"total":935.9301876,"children":{"RayPerceptionSensor.Perceive":{"count":20010400,"self":709.7056256,"total":709.7056182,"children":null}}}}}}},"DecideAction":{"count":2501201,"self":16549.437439999998,"total":16549.437379799998,"children":null},"AgentAct":{"count":2501201,"self":194.45803519999998,"total":195.4793626,"children":{"AgentInfo.ToProto":{"count":4970,"self":0.042281599999999996,"total":1.0213299,"children":{"GenerateSensorData":{"count":4970,"self":0.2546135,"total":0.9790483,"children":{"RayPerceptionSensor.Perceive":{"count":19880,"self":0.72443479999999993,"total":0.72443479999999993,"children":null}}}}}}}},"gauges":{"kart.CumulativeReward":{"count":4970,"max":4256.523,"min":-48.0260277,"runningAverage":1948.79968,"value":3441.76416,"weightedAverage":2786.37183}},"metadata":{"timer_format_version":"0.1.0","start_time_seconds":"1611573291","unity_version":"2019.4.8f1","command_line_arguments":"C:\\Program Files\\Unity\\Hub\\Editor\\2019.4.8f1\\Editor\\Unity.exe -projectpath C:\/Users\/Robel\/Documents\/Unity\/Projects\/KartRacing -useHub -hubIPC -cloudEnvironment production -hubSessionId 9922bde0-5987-11eb-9ebc-41cdc0b35bd3 -accessToken chu2pPMKqteR-LGD7ytrKOV_1p8TglnfzVimnlKvrnM00af","communication_protocol_version":"1.0.0","com.unity.ml-agents_version":"1.0.6","scene_name":"Training","end_time_seconds":"1611595885"}}