{"count":1,"self":13251.772416,"total":68115.5197529,"children":{"InitializeActuators":{"count":6,"self":0.0009976,"total":0.0009976,"children":null},"InitializeSensors":{"count":6,"self":0.0019906,"total":0.0019906,"children":null},"AgentSendState":{"count":4584451,"self":331.35388159999997,"total":40556.3388154,"children":{"CollectObservations":{"count":5501346,"self":39767.1596032,"total":39767.1592601,"children":null},"WriteActionMask":{"count":5501346,"self":3.3875868,"total":3.3875868,"children":null},"RequestDecision":{"count":5501346,"self":18.9410976,"total":454.43809009999995,"children":{"AgentInfo.ToProto":{"count":5501346,"self":91.3268928,"total":435.4969918,"children":{"GenerateSensorData":{"count":5501346,"self":323.0076928,"total":344.1701017,"children":{"RayPerceptionSensor.Perceive":{"count":11002692,"self":21.1624096,"total":21.162408799999998,"children":null}}}}}}}}},"DecideAction":{"count":4584451,"self":13945.5135744,"total":13945.5140448,"children":null},"AgentAct":{"count":4584451,"self":361.4295552,"total":361.8892454,"children":{"AgentInfo.ToProto":{"count":5496,"self":0.0170301,"total":0.4596899,"children":{"GenerateSensorData":{"count":5496,"self":0.4236771,"total":0.4426598,"children":{"RayPerceptionSensor.Perceive":{"count":10992,"self":0.018982699999999998,"total":0.018982699999999998,"children":null}}}}}}}},"gauges":{"kart.CumulativeReward":{"count":5496,"max":81429.66,"min":-1647.77185,"runningAverage":56784.2461,"value":60522.2539,"weightedAverage":62080.9336}},"metadata":{"timer_format_version":"0.1.0","start_time_seconds":"1627785997","unity_version":"2020.3.7f1","command_line_arguments":"C:\\Program Files\\Unity\\Hub\\Editor\\2020.3.7f1\\Editor\\Unity.exe -projectpath C:\/Users\/robel\/Documents\/Unity\/KartRacing -useHub -hubIPC -cloudEnvironment production -hubSessionId f06885f0-f241-11eb-99e2-5104f84b3e64 -accessToken UCBpbjxuMDBkrhlUWgCzB3fKN-aEZ73ySuMhHsspLcA00af","communication_protocol_version":"1.5.0","com.unity.ml-agents_version":"2.0.0-exp.1","scene_name":"Training","end_time_seconds":"1627854112"}}